<component name="ProjectRunConfigurationManager">
  <configuration default="false" name="SimpleApp-PROTOTYPE" type="Application" factoryName="Application" singleton="true">
    <extension name="coverage" enabled="false" merge="false" sample_coverage="true" runner="idea" />
    <option name="MAIN_CLASS_NAME" value="org.apache.isis.WebServer" />
    <option name="VM_PARAMETERS" value="" />
    <option name="PROGRAM_PARAMETERS" value="--type SERVER_PROTOTYPE --port 8080" />
    <option name="WORKING_DIRECTORY" value="file://$MODULE_DIR$" />
    <option name="ALTERNATIVE_JRE_PATH_ENABLED" value="false" />
    <option name="ALTERNATIVE_JRE_PATH" value="" />
    <option name="ENABLE_SWING_INSPECTOR" value="false" />
    <option name="ENV_VARIABLES" />
    <option name="PASS_PARENT_ENVS" value="true" />
    <module name="naked-objects-webapp" />
    <envs />
    <RunnerSettings RunnerId="Debug">
      <option name="DEBUG_PORT" value="" />
      <option name="TRANSPORT" value="0" />
      <option name="LOCAL" value="true" />
    </RunnerSettings>
    <RunnerSettings RunnerId="Run" />
    <ConfigurationWrapper RunnerId="Debug" />
    <ConfigurationWrapper RunnerId="Run" />
    <method>
      <option name="Make" enabled="false" />
      <option name="Maven.BeforeRunTask" enabled="true" file="C:/Apache/Isis/example/application/naked-objects/dom/pom.xml" goal="datanucleus:enhance -o" />
    </method>
  </configuration>
</component>